,benchmark,average time,genetic solution,best solution
0,1,0.013061618804931641,"[1, 1, 1, 1, 0, 1, 0, 0, 0, 0]","[1, 1, 1, 1, 0, 1, 0, 0, 0, 0]"
1,2,0.011959648132324219,"[0, 1, 1, 1, 0]","[0, 1, 1, 1, 0]"
2,3,0.015768909454345705,"[1, 1, 0, 0, 1, 0]","[1, 1, 0, 0, 1, 0]"
3,4,0.011093807220458985,"[1, 0, 0, 1, 0, 0, 0]","[1, 0, 0, 1, 0, 0, 0]"
4,5,0.016091203689575194,"[1, 0, 1, 1, 1, 0, 1, 1]","[1, 0, 1, 1, 1, 0, 1, 1]"
5,6,0.015042829513549804,"[0, 1, 0, 1, 0, 0, 1]","[0, 1, 0, 1, 0, 0, 1]"
6,7,0.022529125213623047,"[1, 1, 1, 0, 0, 0, 1, 1, 0, 1, 0, 0, 0, 1, 1]","[1, 0, 1, 0, 1, 0, 1, 1, 1, 0, 0, 0, 0, 1, 1]"
