,benchmark,answer,time
0,a280,33528.826929122755,8.402909088134766
1,att48,131626.45047595137,1.9333328247070312
2,ch150,50780.473040611694,4.813957405090332
3,fl417,477860.9926286725,12.701857805252075
