,benchmark,answer,time
0,a280,33662.18230624939,19.88519287109375
