,benchmark,answer,time
0,a280.csv,32944.32142681575,10.189741373062134
